{
    "vertices": [0.290246,-0.315335,-1.00546,-0.334766,-0.742558,-1.00546,-0.548378,-1.05902,-1.00546,-0.777813,-1.20143,-1.00546,-1.03098,-1.22516,-1.00546,-1.23668,-1.22516,-1.00546,-1.37118,-1.22516,-1.00546,-1.70218,-3.09052,-1.00546,-1.6247,-2.9998,-1.00546,-1.51766,-3.03923,-1.00546,-1.35428,-2.72374,-1.00546,-1.06857,-2.74064,-1.00546,-0.897552,-2.94647,-1.00546,0.122101,-2.95472,-1.00546],
    "name": "Plane.005Geometry.1",
    "faces": [33,0,1,12,13,0,0,0,0,33,1,2,11,12,0,0,0,0,33,2,3,10,11,0,1,0,0,33,3,4,9,10,1,0,0,0,33,4,5,8,9,0,0,0,0,33,6,7,8,5,0,0,0,0],
    "normals": [0,0,1,0,0,0.999969],
    "uvs": [],
    "metadata": {
        "vertices": 14,
        "type": "Geometry",
        "version": 3,
        "generator": "io_three",
        "normals": 2,
        "uvs": 0,
        "faces": 6
    }
}