{
    "vertices": [-3.4356,-2.29874,-1.00546,-3.47516,-2.16424,-1.00546,-3.4989,-2.07721,-1.00546,-3.61757,-2.05348,-1.00546,-3.76789,-2.16424,-1.00546,-3.83118,-2.30665,-1.00546,-3.87865,-2.46488,-1.00546,-3.76789,-2.55191,-1.00546],
    "name": "Plane.004Geometry",
    "faces": [33,0,1,6,7,0,1,0,0,33,1,2,5,6,1,0,0,0,33,3,4,5,2,0,0,0,0],
    "normals": [0,0,1,0,0,0.999969],
    "uvs": [],
    "metadata": {
        "vertices": 8,
        "type": "Geometry",
        "version": 3,
        "generator": "io_three",
        "normals": 2,
        "uvs": 0,
        "faces": 3
    }
}