{
    "vertices": [3.99003,3.40896,-1.03598,3.71433,3.30739,-1.03598,3.55471,3.33641,-1.03598,3.24999,3.20582,-1.03598,3.16293,2.98816,-1.03598,2.9888,2.68344,-1.03598,2.82919,2.63991,-1.03598,2.65506,2.4948,-1.03598,2.30681,2.36421,-1.03598,2.08915,2.074,-1.03598,1.63933,1.71123,-1.03598,1.4652,1.49358,-1.03598,1.1895,1.01473,-1.03598,1.00086,0.550393,-1.03598,0.89929,0.347245,-1.03598,0.62359,-0.204154,-1.03598,3.04685,-1.94541,-1.03598,2.88723,-1.26342,-1.03598,2.91625,-1.00223,-1.03598,3.06136,-0.421812,-1.03598,3.30803,-0.08807,-1.03598,3.33706,0.115077,-1.03598,3.61276,0.535882,-1.03598,3.45314,1.07277,-1.03598,3.56922,1.2469,-1.03598,3.74335,1.63868,-1.03598,3.90297,1.92889,-1.03598,3.8159,2.63991,-1.03598,3.8159,2.84305,-1.03598,3.87394,3.01718,-1.03598,3.97552,3.16228,-1.03598,4.07128,3.31124,-1.03598],
    "name": "Plane.008Geometry",
    "faces": [33,0,1,30,31,0,0,1,1,33,1,2,29,30,0,0,0,1,33,2,3,28,29,0,0,1,0,33,3,4,27,28,0,1,0,1,33,4,5,26,27,1,0,0,0,33,5,6,25,26,0,0,0,0,33,6,7,24,25,0,0,0,0,33,7,8,23,24,0,0,0,0,33,8,9,22,23,0,1,0,0,33,9,10,21,22,1,0,0,0,33,10,11,20,21,0,0,0,0,33,11,12,19,20,0,1,0,0,33,12,13,18,19,1,0,0,0,33,13,14,17,18,0,1,0,0,33,15,16,17,14,1,0,0,1],
    "normals": [0,0,1,0,0,0.999969],
    "uvs": [],
    "metadata": {
        "vertices": 32,
        "type": "Geometry",
        "version": 3,
        "generator": "io_three",
        "normals": 2,
        "uvs": 0,
        "faces": 15
    }
}