{
    "vertices": [-3.66733,1.2882,-0,-3.6782,-0.203266,-0,-3.6118,-0.221375,-0,-3.57075,0.85359,-0,-2.93574,-0.366244,-0,-2.82226,0.781155,-0,-3.83031,1.27009,-0,-3.84117,-0.161013,-0,-4.11401,0.974314,-0,-4.13091,-0.100651,-0,-4.69348,0.811336,-0,-4.72246,-0.02218,-0,-2.78484,-0.396425,-0,-2.62911,0.926024,-0,-2.42267,-0.414533,-0,-2.43595,1.06486,-0,-2.23555,-0.275701,-0,-2.38766,1.20369,-0,-2.07257,-0.32399,0,-2.06774,1.41496,-0,-1.74058,-0.758596,0,-1.89269,1.30631,-0,-1.36633,-0.98097,0,-1.69953,1.17954,-0,-0.705732,-1.53727,-0,-1.12585,0.692786,-0,-0.403246,-2.08487,-0,-0.760782,0.666709,-0,0.055699,-2.27262,0,-0.34356,0.823167,-0,0.975615,-1.91769,0,0.062073,0.852141,-0,1.20016,-1.6859,-0,0.460462,0.772463,-0,1.67098,-1.60622,-0,0.663278,0.859385,-0,1.72893,-0.968801,0,0.974746,1.09842,-0,2.19976,-0.519708,0,1.30794,1.30848,-0,3.13537,0.10202,0,1.93571,1.80948,-0,3.39492,0.657351,0,2.91961,2.01032,-0,3.98043,1.00745,0,3.40251,2.02075,-0,4.06736,1.18999,0,3.70673,2.03813,-0,4.26727,1.68544,0,3.88926,2.15287,-0,4.39766,1.78974,0,4.13264,2.2989,-0,4.50196,1.90274,0,4.29523,2.30759,-0,4.59208,1.99286,0,4.45745,2.14537,-0,4.76713,2.09365,-0,4.71498,2.15273,-0],
    "name": "Plane.008Geometry.3",
    "faces": [33,0,1,2,3,0,1,1,1,33,3,2,4,5,1,1,1,1,33,1,0,6,7,1,0,1,1,33,8,9,7,6,1,1,1,1,33,10,11,9,8,1,1,1,1,33,5,4,12,13,1,1,1,1,33,13,12,14,15,1,1,1,1,33,15,14,16,17,1,1,1,1,33,17,16,18,19,1,1,0,1,33,19,18,20,21,1,0,1,1,33,21,20,22,23,1,1,0,1,33,23,22,24,25,1,0,1,1,33,25,24,26,27,1,1,0,0,33,27,26,28,29,0,0,1,1,33,29,28,30,31,1,1,1,1,33,31,30,32,33,1,1,1,1,33,33,32,34,35,1,1,0,1,33,35,34,36,37,1,0,1,1,33,37,36,38,39,1,1,1,1,33,39,38,40,41,1,1,1,1,33,41,40,42,43,1,1,1,1,33,43,42,44,45,1,1,1,1,33,45,44,46,47,1,1,1,0,33,47,46,48,49,0,1,1,1,33,49,48,50,51,1,1,1,1,33,51,50,52,53,1,1,1,1,33,53,52,54,55,1,1,0,1,33,55,54,56,57,1,0,1,1],
    "normals": [0,0,0.999969,0,0,1],
    "uvs": [],
    "metadata": {
        "vertices": 58,
        "type": "Geometry",
        "version": 3,
        "generator": "io_three",
        "normals": 2,
        "uvs": 0,
        "faces": 28
    }
}