{
    "vertices": [0.957778,0.064005,-1.4178,0.561664,0.071931,-1.4178,0.505361,0.105444,-1.4178,0.471847,0.147001,-1.4178,0.479891,-0.096978,-1.4178,0.510723,-0.062123,-1.4178,0.564345,-0.032632,-1.4178,0.961145,-0.032632,-1.4178],
    "metadata": {
        "vertices": 8,
        "uvs": 0,
        "generator": "io_three",
        "normals": 2,
        "version": 3,
        "type": "Geometry",
        "faces": 3
    },
    "uvs": [],
    "name": "Plane.007Geometry",
    "normals": [0,0,-1,0,0,-0.999969],
    "faces": [33,0,7,6,1,0,0,1,0,33,1,6,5,2,0,1,0,0,33,3,2,5,4,0,0,0,0]
}