{
    "vertices": [-2.60831,0.443178,-1.4178,-2.6623,0.421179,-1.4178,-2.7003,0.369182,-1.4178,-2.7003,0.301186,-1.4178,-2.7023,-0.288782,-1.4178,-2.69563,-0.323781,-1.4178,-2.67064,-0.367112,-1.4178,-2.61397,-0.393777,-1.4178,-2.55564,-0.393777,-1.4178,-2.50398,-0.368778,-1.4178,-2.47065,-0.32878,-1.4178,-2.46231,-0.293782,-1.4178,-2.46471,0.294186,-1.4178,-2.46471,0.366182,-1.4178,-2.51031,0.418979,-1.4178,-2.56311,0.440578,-1.4178],
    "metadata": {
        "vertices": 16,
        "uvs": 0,
        "generator": "io_three",
        "normals": 2,
        "version": 3,
        "type": "Geometry",
        "faces": 7
    },
    "uvs": [],
    "name": "Plane.001Geometry.1",
    "normals": [0,0,-1,0,0,-0.999969],
    "faces": [33,0,15,14,1,0,0,0,0,33,1,14,13,2,0,0,0,0,33,2,13,12,3,0,0,0,0,33,3,12,11,4,0,0,0,1,33,4,11,10,5,1,0,0,0,33,5,10,9,6,0,0,0,0,33,7,6,9,8,0,0,0,0]
}