{
    "vertices": [-2.30681,-1.55025,0.611929,-2.54057,-1.73726,0.61193,-2.68083,-1.91491,0.61193,-2.69953,-2.08322,0.61193,-3.31665,-2.35438,0.61193,-2.68083,-3.42032,0.611931,-1.99825,-3.25201,0.611931,-1.7832,-3.23331,0.611931,-1.44658,-3.0276,0.61193,-1.36243,-2.7845,0.61193],
    "metadata": {
        "vertices": 10,
        "uvs": 0,
        "generator": "io_three",
        "normals": 2,
        "version": 3,
        "type": "Geometry",
        "faces": 4
    },
    "uvs": [],
    "name": "Plane.001Geometry",
    "normals": [0,0,-1,0,0,-0.999969],
    "faces": [33,0,9,8,1,0,0,0,1,33,1,8,7,2,1,0,0,0,33,2,7,6,3,0,0,0,0,33,4,3,6,5,0,0,0,0]
}