{
    "vertices": [1.36457,1.52785,-1.00543,3.51501,0.053566,-1.00543,3.77156,3.70837,-1.00543,4.11676,3.31724,-1.00543,0.191409,0.438876,-1.00543,3.33424,-1.71576,-1.00543,-0.920247,-1.16374,-1.00543,2.47517,-3.45285,-1.00544,-3.03539,-0.89295,-1.00543,-2.77507,-3.60329,-1.00544,-3.88808,-1.80672,-1.00543,-3.93703,-3.82922,-1.00544,-4.36949,-2.72136,-1.00544,-4.39368,-3.73581,-1.00544],
    "metadata": {
        "vertices": 14,
        "uvs": 0,
        "generator": "io_three",
        "normals": 1,
        "version": 3,
        "type": "Geometry",
        "faces": 6
    },
    "uvs": [],
    "name": "Plane.003Geometry",
    "normals": [0,0,1],
    "faces": [33,0,1,3,2,0,0,0,0,33,1,0,4,5,0,0,0,0,33,5,4,6,7,0,0,0,0,33,7,6,8,9,0,0,0,0,33,9,8,10,11,0,0,0,0,33,11,10,12,13,0,0,0,0]
}