{
    "vertices": [3.98458,3.36664,-1.00543,3.64921,3.28437,-1.00543,3.5796,3.32234,-1.00543,3.29485,3.21477,-1.00543,3.18727,2.95533,-1.00543,3.06072,2.7908,-1.00543,2.95947,2.67057,-1.00543,2.82026,2.62628,-1.00543,2.75065,2.57565,-1.00543,2.61777,2.45543,-1.00543,2.4216,2.37316,-1.00543,1.6939,1.68343,-1.00543,1.63062,1.6771,-1.00543,1.89639,1.34805,-1.00543,2.01662,1.36071,-1.00543,2.75698,2.05044,-1.00543,2.87088,2.177,-1.00543,3.2379,1.93021,-1.00543,3.77576,1.78467,-1.00543,3.8517,1.88592,-1.00543,3.8517,2.18333,-1.00543,3.80108,2.2909,-1.00543,3.78209,2.6769,-1.00543,3.79475,2.8351,-1.00543,3.78842,2.95533,-1.00543,3.97193,3.29703,-1.00543],
    "metadata": {
        "vertices": 26,
        "uvs": 0,
        "generator": "io_three",
        "normals": 2,
        "version": 3,
        "type": "Geometry",
        "faces": 14
    },
    "uvs": [],
    "name": "Plane.005Geometry",
    "normals": [0,0,1,0,0,0.999969],
    "faces": [33,0,1,24,25,0,0,0,1,33,1,2,23,24,0,0,0,0,33,2,3,22,23,0,0,1,0,33,3,4,21,22,0,0,0,1,33,4,5,20,21,0,0,0,0,33,5,6,19,20,0,0,1,0,33,6,7,18,19,0,0,0,1,33,7,8,17,18,0,1,0,0,33,8,9,16,17,1,0,0,0,32,16,9,10,0,0,0,32,10,11,14,0,0,1,32,14,15,16,1,0,0,32,10,14,16,0,1,0,33,12,13,14,11,0,0,1,0]
}