{
    "vertices": [-2.29595,0.428233,-1.52635,-2.33134,0.39606,-1.52635,-2.34743,0.368713,-1.52635,-2.35386,0.346192,-1.52635,-2.35065,0.289889,-1.52635,-2.27182,0.085591,-1.52635,-2.10581,-0.327509,-1.52635,-2.04211,-0.381559,-1.52635,-1.98227,-0.402793,-1.52635,-1.93208,-0.402793,-1.52635,-1.89274,-0.391348,-1.52635,-1.83942,-0.356464,-1.52635,-1.79309,-0.265737,-1.52635,-1.66376,0.054705,-1.52635,-1.57689,0.268977,-1.52635,-1.5711,0.315306,-1.52635,-1.57496,0.361635,-1.52635,-1.58461,0.384799,-1.52635,-1.60198,0.409894,-1.52635,-1.65796,0.436919,-1.52635,-1.68885,0.434989,-1.52635,-1.72746,0.429198,-1.52635,-1.76993,0.398312,-1.52635,-1.79695,0.357774,-1.52635,-1.85293,0.199483,-1.52635,-1.90891,0.070148,-1.52635,-1.93208,-0.003206,-1.52635,-1.94945,-0.039883,-1.52635,-1.9634,-0.066908,-1.52635,-1.97379,-0.051465,-1.52635,-1.9842,-0.018649,-1.52635,-2.01122,0.046984,-1.52635,-2.06141,0.172458,-1.52635,-2.12512,0.346192,-1.52635,-2.15021,0.394451,-1.52635,-2.16951,0.417615,-1.52635,-2.20619,0.433058,-1.52635,-2.25059,0.436919,-1.52635],
    "metadata": {
        "vertices": 38,
        "uvs": 0,
        "generator": "io_three",
        "normals": 2,
        "version": 3,
        "type": "Geometry",
        "faces": 18
    },
    "uvs": [],
    "name": "Plane.004Geometry",
    "normals": [0,0,-1,0,0,-0.999969],
    "faces": [33,0,37,36,1,0,0,0,0,33,1,36,35,2,0,0,0,0,33,2,35,34,3,0,0,0,1,33,3,34,33,4,1,0,0,1,33,4,33,32,5,1,0,0,0,33,5,32,31,6,0,0,0,0,33,6,31,30,7,0,0,0,0,33,7,30,29,8,0,0,0,0,33,8,29,28,9,0,0,0,0,33,9,28,27,10,0,0,0,0,33,10,27,26,11,0,0,0,0,33,11,26,25,12,0,0,0,1,33,12,25,24,13,1,0,0,1,33,13,24,23,14,1,0,0,0,33,14,23,22,15,0,0,0,0,33,15,22,21,16,0,0,1,0,33,16,21,20,17,0,1,0,0,33,18,17,20,19,1,0,0,0]
}