{
    "vertices": [-0.344757,-3.14099,-1.00543,-0.434331,-3.11498,-1.00543,-0.526795,-3.1381,-1.00543,-0.541243,-3.21322,-1.00543,-0.457447,-3.22767,-1.00543,-0.347646,-3.19589,-1.00543],
    "metadata": {
        "vertices": 6,
        "uvs": 0,
        "generator": "io_three",
        "normals": 2,
        "version": 3,
        "type": "Geometry",
        "faces": 2
    },
    "uvs": [],
    "name": "Plane.009Geometry",
    "normals": [0,0,1,0,0,0.999969],
    "faces": [33,0,1,4,5,0,1,0,0,33,2,3,4,1,0,0,0,1]
}