{
    "vertices": [4.04525,3.4569,0.611931,3.60858,3.46975,0.611931,3.27465,3.30278,0.611931,3.18475,3.02023,0.611931,3.04348,2.85327,0.611931,2.49122,2.53219,0.611931,1.97749,2.04415,0.611931,1.41239,1.53042,0.61193,1.14268,0.901099,0.61193,1.07846,0.695607,0.61193,0.975715,0.515802,0.61193,0.783067,0.130505,0.61193,0.680321,-0.177733,0.61193,0.397769,-0.216263,0.61193,-0.321452,-0.729992,0.61193,-0.578317,-1.07676,0.61193,-1.25901,-1.21803,0.61193,-1.25901,-2.70785,0.61193,-0.937928,-2.93903,0.61193,0.911498,-3.24727,0.61193,1.25827,-3.52982,0.61193,1.87474,-3.49129,0.61193,2.63249,-2.47667,0.61193,2.61965,-2.23265,0.61193,3.03063,-2.01432,0.61193,2.88936,-0.871268,0.61193,3.67279,0.554332,0.61193,3.54436,1.13228,0.61193,3.82691,1.78728,0.611931,3.92966,2.18542,0.611931,3.77554,2.91749,0.611931,3.91682,3.03308,0.611931,4.07094,3.25141,0.611931,4.14799,3.39269,0.611931],
    "metadata": {
        "vertices": 34,
        "uvs": 0,
        "generator": "io_three",
        "normals": 2,
        "version": 3,
        "type": "Geometry",
        "faces": 16
    },
    "uvs": [],
    "name": "Plane.006Geometry",
    "normals": [0,0,1,0,0,0.999969],
    "faces": [33,0,1,32,33,0,0,1,0,33,1,2,31,32,0,0,0,1,33,2,3,30,31,0,0,0,0,33,3,4,29,30,0,0,0,0,33,4,5,28,29,0,0,0,0,33,5,6,27,28,0,0,1,0,33,6,7,26,27,0,1,0,1,33,7,8,25,26,1,0,0,0,33,8,9,24,25,0,0,1,0,33,9,10,23,24,0,1,0,1,33,10,11,22,23,1,0,0,0,33,11,12,21,22,0,0,0,0,33,12,13,20,21,0,0,1,0,33,13,14,19,20,0,1,0,1,33,14,15,18,19,1,0,0,0,33,16,17,18,15,1,0,0,0]
}