{
    "vertices": [0.571806,-3.20963,-1.03598,1.03102,-3.31167,-1.03598,1.18408,-3.4775,-1.03598,1.51574,-3.54128,-1.03598,1.73258,-3.49025,-1.03598,2.1025,-3.18411,-1.03598,2.54895,-2.66113,-1.03598,2.66376,-2.21467,-1.03598],
    "name": "Plane.009Geometry",
    "faces": [33,0,7,6,1,0,0,0,1,33,1,6,5,2,1,0,0,0,33,3,2,5,4,0,0,0,0],
    "normals": [0,0,-1,0,0,-0.999969],
    "uvs": [],
    "metadata": {
        "vertices": 8,
        "type": "Geometry",
        "version": 3,
        "generator": "io_three",
        "normals": 2,
        "uvs": 0,
        "faces": 3
    }
}