{
    "vertices": [-2.60502,0.799821,-1.52635,-2.66506,0.776471,-1.52635,-2.71177,0.726467,-1.52635,-2.7229,0.656417,-1.52635,-2.70175,0.599711,-1.52635,-2.67173,0.553011,-1.52635,-2.60837,0.530794,-1.52635,-2.55832,0.528529,-1.52635,-2.49936,0.553011,-1.52635,-2.46492,0.596375,-1.52635,-2.4449,0.653082,-1.52635,-2.45378,0.723131,-1.52635,-2.49494,0.776502,-1.52635,-2.56165,0.799852,-1.52635],
    "metadata": {
        "vertices": 14,
        "uvs": 0,
        "generator": "io_three",
        "normals": 1,
        "version": 3,
        "type": "Geometry",
        "faces": 6
    },
    "uvs": [],
    "name": "Plane.003Geometry",
    "normals": [0,0,-1],
    "faces": [33,0,13,12,1,0,0,0,0,33,1,12,11,2,0,0,0,0,33,2,11,10,3,0,0,0,0,33,3,10,9,4,0,0,0,0,33,4,9,8,5,0,0,0,0,33,6,5,8,7,0,0,0,0]
}