{
    "vertices": [2.47359,-3.2017,-1.00543,2.33778,-3.17583,-1.00543,2.2052,-3.27607,-1.00543,2.18903,-3.39248,-1.00543,2.33778,-3.36338,-1.00543,2.51563,-3.30517,-1.00543],
    "metadata": {
        "vertices": 6,
        "uvs": 0,
        "generator": "io_three",
        "normals": 1,
        "version": 3,
        "type": "Geometry",
        "faces": 2
    },
    "uvs": [],
    "name": "Plane.010Geometry",
    "normals": [0,0,-1],
    "faces": [33,0,5,4,1,0,0,0,0,33,2,1,4,3,0,0,0,0]
}