{
    "vertices": [-3.4019,-2.35067,0.61193,-3.4393,-2.21042,0.61193,-3.53281,-2.08887,0.61193,-3.71981,-2.08887,0.61193,-3.94422,-2.49093,0.61193,-3.75721,-2.54703,0.61193],
    "metadata": {
        "vertices": 6,
        "uvs": 0,
        "generator": "io_three",
        "normals": 2,
        "version": 3,
        "type": "Geometry",
        "faces": 2
    },
    "uvs": [],
    "name": "Plane.004Geometry",
    "normals": [0,0,-0.999969,0,0,-1],
    "faces": [33,0,5,4,1,0,1,1,1,33,2,1,4,3,1,1,1,1]
}