{
    "vertices": [2.9919,-2.07786,-1.00543,2.7041,-2.27835,-1.00543,2.7041,-2.45943,-1.00543,2.60709,-2.69872,-1.00543,2.68793,-2.8022,-1.00543,2.84962,-2.65668,-1.00543,2.97249,-2.4368,-1.00543,3.11478,-2.22661,-1.00543],
    "metadata": {
        "vertices": 8,
        "uvs": 0,
        "generator": "io_three",
        "normals": 2,
        "version": 3,
        "type": "Geometry",
        "faces": 3
    },
    "uvs": [],
    "name": "Plane.011Geometry",
    "normals": [0,0,1,0,0,0.999969],
    "faces": [33,0,1,6,7,0,0,0,1,33,1,2,5,6,0,1,0,0,33,3,4,5,2,0,0,0,1]
}