{
    "vertices": [-1.39898,-1.09395,-1.03598,-1.68346,-1.07898,-1.03598,-1.83318,-1.07898,-1.03598,-2.01285,-1.03056,-1.03598,-2.1476,-1.03406,-1.03598,-2.37219,-1.24367,-1.03598,-2.41225,-1.42334,-1.03598,-2.32727,-1.4982,-1.03598],
    "name": "Plane.006Geometry",
    "faces": [33,0,7,6,1,0,0,0,0,33,1,6,5,2,0,0,0,0,33,3,2,5,4,0,0,0,0],
    "normals": [0,0,-1],
    "uvs": [],
    "metadata": {
        "vertices": 8,
        "type": "Geometry",
        "version": 3,
        "generator": "io_three",
        "normals": 1,
        "uvs": 0,
        "faces": 3
    }
}