{
    "vertices": [-1.38359,-1.20061,0.61193,-1.39797,-1.08562,0.61193,-1.59201,-1.05688,0.61193,-1.88668,-1.00657,0.61193,-2.21727,-1.03532,0.61193,-2.3682,-1.25092,0.61193,-2.41132,-1.46653,0.61193,-2.35383,-1.47372,0.61193],
    "metadata": {
        "vertices": 8,
        "uvs": 0,
        "generator": "io_three",
        "normals": 2,
        "version": 3,
        "type": "Geometry",
        "faces": 3
    },
    "uvs": [],
    "name": "Plane.007Geometry.1",
    "normals": [0,0,0.999969,0,0,1],
    "faces": [33,0,1,6,7,0,1,1,1,33,1,2,5,6,1,1,0,1,33,3,4,5,2,1,1,0,1]
}