{
    "vertices": [-3.5275,0.432377,-1.52635,-3.56611,0.398595,-1.52635,-3.58219,0.36964,-1.52635,-3.59023,0.348727,-1.52635,-3.58541,0.297251,-1.52635,-3.50659,0.088127,-1.52635,-3.33929,-0.322077,-1.52635,-3.27558,-0.378058,-1.52635,-3.21381,-0.397361,-1.52635,-3.16555,-0.401222,-1.52635,-3.12695,-0.38964,-1.52635,-3.0729,-0.351032,-1.52635,-3.02657,-0.266096,-1.52635,-2.90109,0.060137,-1.52635,-2.8123,0.278269,-1.52635,-2.80264,0.322667,-1.52635,-2.80843,0.370927,-1.52635,-2.82002,0.394091,-1.52635,-2.83932,0.417256,-1.52635,-2.89337,0.44235,-1.52635,-2.9204,0.44235,-1.52635,-2.959,0.436559,-1.52635,-3.00533,0.405673,-1.52635,-3.0285,0.363205,-1.52635,-3.08834,0.206845,-1.52635,-3.14239,0.073649,-1.52635,-3.16748,-0.001635,-1.52635,-3.18486,-0.036382,-1.52635,-3.19451,-0.063407,-1.52635,-3.20802,-0.047964,-1.52635,-3.2196,-0.011287,-1.52635,-3.24663,0.052415,-1.52635,-3.29103,0.177889,-1.52635,-3.35859,0.355484,-1.52635,-3.38369,0.399882,-1.52635,-3.40106,0.421116,-1.52635,-3.43774,0.436559,-1.52635,-3.48599,0.444281,-1.52635],
    "metadata": {
        "vertices": 38,
        "uvs": 0,
        "generator": "io_three",
        "normals": 2,
        "version": 3,
        "type": "Geometry",
        "faces": 18
    },
    "uvs": [],
    "name": "Plane.002Geometry",
    "normals": [0,0,-1,0,0,-0.999969],
    "faces": [33,0,37,36,1,0,0,0,0,33,1,36,35,2,0,0,0,0,33,2,35,34,3,0,0,0,0,33,3,34,33,4,0,0,0,0,33,4,33,32,5,0,0,0,1,33,5,32,31,6,1,0,0,1,33,6,31,30,7,1,0,1,0,33,7,30,29,8,0,1,0,0,33,8,29,28,9,0,0,1,0,33,9,28,27,10,0,1,0,0,33,10,27,26,11,0,0,0,0,33,11,26,25,12,0,0,1,0,33,12,25,24,13,0,1,0,0,33,13,24,23,14,0,0,0,1,33,14,23,22,15,1,0,0,0,33,15,22,21,16,0,0,1,0,33,16,21,20,17,0,1,0,0,33,18,17,20,19,0,0,0,0]
}