{
    "vertices": [-2.48356,-0.966612,0.61193,-2.83728,-0.94303,0.61193,-3.12027,-1.0295,0.61193,-3.26176,-1.21815,0.61193,-3.30892,-1.27317,0.61193,-3.45827,-1.40681,0.61193,-3.53688,-1.55616,0.61193,-3.68623,-1.61118,0.61193,-3.78056,-1.72123,0.61193,-3.83558,-2.03566,0.61193,-3.67837,-1.99635,0.61193,-3.52116,-2.02779,0.61193,-3.3325,-2.22431,0.61193,-3.12027,-2.22431,0.61193,-2.91589,-2.12998,0.61193,-2.49928,-1.57188,0.61193,-2.42853,-1.2889,0.61193,-2.3342,-1.16313,0.61193],
    "metadata": {
        "vertices": 18,
        "uvs": 0,
        "generator": "io_three",
        "normals": 2,
        "version": 3,
        "type": "Geometry",
        "faces": 8
    },
    "uvs": [],
    "name": "Plane.008Geometry",
    "normals": [0,0,-1,0,0,-0.999969],
    "faces": [33,0,17,16,1,0,1,0,0,33,1,16,15,2,0,0,0,0,33,2,15,14,3,0,0,0,1,33,3,14,13,4,1,0,0,0,33,4,13,12,5,0,0,0,0,33,5,12,11,6,0,0,1,0,33,6,11,10,7,0,1,0,0,33,8,7,10,9,0,0,0,0]
}