{
    "vertices": [3.04938,-0.690751,-1.00543,3.03414,-0.749553,-1.00543,3.00365,-0.814889,-1.00543,2.9492,-0.854091,-1.00543,2.98187,-1.02179,-1.00543,2.98405,-1.16553,-1.00543,3.0472,-1.30709,-1.00543,3.07552,-1.30273,-1.00543,3.12779,-1.1677,-1.00543,3.12125,-1.00654,-1.00543,3.10601,-0.860625,-1.00543,3.06463,-0.817067,-1.00543,3.11472,-0.756087,-1.00543,3.10165,-0.684217,-1.00543],
    "metadata": {
        "vertices": 14,
        "uvs": 0,
        "generator": "io_three",
        "normals": 2,
        "version": 3,
        "type": "Geometry",
        "faces": 6
    },
    "uvs": [],
    "name": "Plane.013Geometry",
    "normals": [0,0,-1,0,0,-0.999969],
    "faces": [33,0,13,12,1,0,0,0,0,33,1,12,11,2,0,0,0,0,33,2,11,10,3,0,0,0,0,33,3,10,9,4,0,0,1,0,33,4,9,8,5,0,1,1,0,33,6,5,8,7,0,0,1,0]
}