{
    "vertices": [-1.53338,0.129445,-0.526352,-1.54411,0.000753,-0.526352,-1.5374,-0.051528,-0.526352,-1.51729,-0.149387,-0.526352,-1.47976,-0.221776,-0.526352,-1.41809,-0.294165,-0.526352,-1.33364,-0.35583,-0.526352,-1.21567,-0.396046,-0.526352,-1.14731,-0.40543,-0.526352,-1.01797,-0.401569,-0.526352,-0.91759,-0.370683,-0.526352,-0.851958,-0.334006,-0.526352,-0.803698,-0.297329,-0.526352,-0.774743,-0.235557,-0.526352,-0.782464,-0.191158,-0.526352,-0.795977,-0.158342,-0.526352,-0.815281,-0.133247,-0.526352,-0.844236,-0.121665,-0.526352,-0.900217,-0.106222,-0.526352,-0.952337,-0.127456,-0.526352,-1.00253,-0.158342,-0.526352,-1.06044,-0.181506,-0.526352,-1.1087,-0.185367,-0.526352,-1.17626,-0.177646,-0.526352,-1.21873,-0.162203,-0.526352,-1.24961,-0.137108,-0.526352,-1.27754,-0.102663,-0.526352,-1.28592,-0.086837,-0.526352,-1.29151,-0.073804,-0.526352,-1.29895,-0.060771,-0.526352,-1.30361,-0.050531,-0.526352,-1.30361,-0.038429,-0.526352],
    "metadata": {
        "vertices": 32,
        "uvs": 0,
        "generator": "io_three",
        "normals": 2,
        "version": 3,
        "type": "Geometry",
        "faces": 15
    },
    "uvs": [],
    "name": "Plane.005Geometry",
    "normals": [0,0,-1,0,0,-0.999969],
    "faces": [33,0,31,30,1,0,0,1,0,33,1,30,29,2,0,1,0,0,33,2,29,28,3,0,0,0,1,33,3,28,27,4,1,0,0,0,33,4,27,26,5,0,0,0,1,33,5,26,25,6,1,0,0,0,33,6,25,24,7,0,0,1,0,33,7,24,23,8,0,1,1,0,33,8,23,22,9,0,1,0,0,33,9,22,21,10,0,0,0,1,33,10,21,20,11,1,0,0,0,33,11,20,19,12,0,0,0,0,33,12,19,18,13,0,0,0,0,33,13,18,17,14,0,0,0,0,33,15,14,17,16,0,0,0,1]
}