{
    "vertices": [-1.29292,-0.031225,-1.4178,-0.839277,-0.033156,-1.4178,-0.806461,-0.023504,-1.4178,-0.779435,-0.008061,-1.4178,-0.75048,0.028616,-1.4178,-0.746619,0.071085,-1.4178,-0.748549,0.134787,-1.4178,-0.762062,0.20235,-1.4178,-0.787157,0.258331,-1.4178,-0.819973,0.3008,-1.4178,-0.864372,0.358711,-1.4178,-0.927109,0.402145,-1.4178,-1.02363,0.442361,-1.4178,-1.14267,0.458447,-1.4178,-1.23436,0.445578,-1.4178,-1.32927,0.413405,-1.4178,-1.41614,0.352277,-1.4178,-1.47244,0.27667,-1.4178,-1.51588,0.184977,-1.4178,-1.29066,0.130283,-1.4178,-1.28584,0.146369,-1.4178,-1.27136,0.167282,-1.4178,-1.25849,0.194629,-1.4178,-1.21988,0.221976,-1.4178,-1.19736,0.233236,-1.4178,-1.15554,0.244497,-1.4178,-1.1022,0.245681,-1.4178,-1.06384,0.226802,-1.4178,-1.03811,0.213933,-1.4178,-1.0188,0.19302,-1.4178,-1.00754,0.172108,-1.4178,-0.999498,0.156021,-1.4178,-1.00111,0.139935,-1.4178,-1.00103,0.128749,-1.4178,-1.00593,0.120631,-1.4178,-1.02363,0.120631,-1.4178,-1.04937,0.120631,-1.4178,-1.28262,0.119022,-1.4178],
    "metadata": {
        "vertices": 38,
        "uvs": 0,
        "generator": "io_three",
        "normals": 2,
        "version": 3,
        "type": "Geometry",
        "faces": 18
    },
    "uvs": [],
    "name": "Plane.006Geometry",
    "normals": [0,0,1,0,0,0.999969],
    "faces": [33,0,1,36,37,0,0,0,1,33,1,2,35,36,0,0,0,0,33,2,3,34,35,0,0,0,0,33,3,4,33,34,0,0,0,0,33,4,5,32,33,0,1,0,0,33,5,6,31,32,1,0,0,0,33,6,7,30,31,0,0,0,0,33,7,8,29,30,0,0,1,0,33,8,9,28,29,0,0,1,1,33,9,10,27,28,0,0,0,1,33,10,11,26,27,0,0,0,0,33,11,12,25,26,0,0,0,0,33,12,13,24,25,0,0,0,0,33,13,14,23,24,0,0,1,0,33,14,15,22,23,0,0,0,1,33,15,16,21,22,0,0,0,0,33,16,17,20,21,0,0,0,0,33,18,19,20,17,0,0,0,0]
}