{
    "vertices": [0.335744,0.137138,-1.4178,0.309825,0.10258,-1.4178,0.252228,0.068022,-1.4178,-0.303582,0.070902,-1.4178,-0.300702,-0.032773,-1.4178,0.252228,-0.035653,-1.4178,0.309825,-0.067331,-1.4178,0.344384,-0.110529,-1.4178],
    "metadata": {
        "vertices": 8,
        "uvs": 0,
        "generator": "io_three",
        "normals": 2,
        "version": 3,
        "type": "Geometry",
        "faces": 3
    },
    "uvs": [],
    "name": "Plane.009Geometry",
    "normals": [0,0,1,0,0,0.999969],
    "faces": [33,0,1,6,7,0,1,0,1,33,1,2,5,6,1,0,0,0,33,3,4,5,2,1,0,0,0]
}