{
    "vertices": [3.1712,-0.87159,-1.00543,3.14815,-0.937854,-1.00543,3.15679,-1.0214,-1.00543,3.16255,-1.20579,-1.00543,3.13951,-1.29798,-1.00543,3.14239,-1.47085,-1.00543,3.24898,-1.5688,-1.00543,3.3383,-1.56592,-1.00543,3.33542,-1.47085,-1.00543,3.30084,-1.33256,-1.00543,3.25763,-1.18274,-1.00543,3.23458,-1.01276,-1.00543,3.20577,-0.920568,-1.00543,3.21729,-0.87159,-1.00543],
    "metadata": {
        "vertices": 14,
        "uvs": 0,
        "generator": "io_three",
        "normals": 2,
        "version": 3,
        "type": "Geometry",
        "faces": 6
    },
    "uvs": [],
    "name": "Plane.012Geometry",
    "normals": [0,0,-1,0,0,-0.999969],
    "faces": [33,0,13,12,1,0,0,0,0,33,1,12,11,2,0,0,0,0,33,2,11,10,3,0,0,0,0,33,3,10,9,4,0,0,0,0,33,4,9,8,5,0,0,1,0,33,6,5,8,7,0,0,1,0]
}