{
    "vertices": [0.463837,0.165063,-1.4178,0.459011,0.219757,-1.4178,0.457402,0.745785,-1.4178,0.465446,0.771524,-1.4178,0.344797,0.771524,-1.4178,0.357666,0.747394,-1.4178,0.359275,0.222974,-1.4178,0.351231,0.165063,-1.4178],
    "metadata": {
        "vertices": 8,
        "uvs": 0,
        "generator": "io_three",
        "normals": 2,
        "version": 3,
        "type": "Geometry",
        "faces": 3
    },
    "uvs": [],
    "name": "Plane.008Geometry",
    "normals": [0,0,1,0,0,0.999969],
    "faces": [33,0,1,6,7,0,0,0,0,33,1,2,5,6,0,0,0,0,33,3,4,5,2,1,0,0,0]
}