{
    "vertices": [-2.37716,-1.6708,-1.00546,-2.55825,-1.82331,-1.00546,-2.70123,-2.05206,-1.00546,-3.03483,-2.28082,-1.00546,-3.29218,-2.35707,-1.00546,-2.6631,-3.44365,-1.00546,-2.45341,-3.29115,-1.00546,-2.18653,-3.12912,-1.00546,-1.98637,-3.24349,-1.00546,-1.80527,-3.23396,-1.00546],
    "name": "Plane.003Geometry",
    "faces": [33,0,9,8,1,0,1,1,1,33,1,8,7,2,1,1,1,0,33,2,7,6,3,0,1,1,1,33,4,3,6,5,1,1,1,1],
    "normals": [0,0,-0.999969,0,0,-1],
    "uvs": [],
    "metadata": {
        "vertices": 10,
        "type": "Geometry",
        "version": 3,
        "generator": "io_three",
        "normals": 2,
        "uvs": 0,
        "faces": 4
    }
}