{
    "vertices": [-3.70613,-2.64797,-1.00546,-3.98322,-2.64797,-1.00546,-4.19325,-2.90366,-1.00546,-4.31197,-2.98585,-1.00546,-4.37589,-3.35113,-1.00546,-4.25718,-3.49724,-1.00546,-3.98322,-3.77121,-1.00546,-3.81884,-3.7986,-1.00546,-3.55401,-3.78034,-1.00546,-3.28005,-3.5977,-1.00546],
    "name": "Plane.001Geometry.1",
    "faces": [33,0,1,8,9,0,0,0,0,33,7,8,1,2,0,0,0,0,33,2,3,6,7,0,0,1,0,33,3,4,5,6,0,0,1,1],
    "normals": [0,0,1,0,0,0.999969],
    "uvs": [],
    "metadata": {
        "vertices": 10,
        "type": "Geometry",
        "version": 3,
        "generator": "io_three",
        "normals": 2,
        "uvs": 0,
        "faces": 4
    }
}