{
    "vertices": [-4.68584,0.810079,3.45767,-4.11594,0.974475,3.45767,-3.83099,1.28135,3.45767,-3.68851,1.30327,3.45767,-3.557,0.864878,3.45767,-2.83365,0.766241,3.45767,-2.62542,0.908717,3.45767,-2.43911,1.04023,3.45767,-2.40623,1.19367,3.45767,-2.06648,1.42382,3.45767,-1.88016,1.31423,3.45767,-1.71576,1.19367,3.45767,-1.14586,0.711442,3.45767,-0.751311,0.678563,3.45767,-0.323883,0.821039,3.45767,0.048747,0.831999,3.45767,0.465216,0.755281,3.45767,0.662491,0.864878,3.45767,0.980322,1.11695,3.45767,1.28719,1.29231,3.45767,1.90094,1.81837,3.45767,2.92019,2.01565,3.45767,3.39146,2.02661,3.45767,3.66545,2.01565,3.45767,3.8956,2.18004,3.45767,4.11759,2.28152,3.45767,4.3586,2.29421,3.45767,4.43471,2.16101,3.45767,4.5679,2.16736,3.45767,4.71378,2.16101,3.45767,-4.71324,0.125098,3.45767,-4.16526,-0.094096,3.45767,-3.82734,-0.158028,3.45767,-3.69947,-0.19456,3.45767,-3.59901,-0.212826,3.45767,-3.49854,-0.231093,3.45767,-2.94143,-0.395488,3.45767,-2.7953,-0.404621,3.45767,-2.43911,-0.413754,3.45767,-2.23818,-0.285891,3.45767,-2.10118,-0.31329,3.45767,-1.74499,-0.742545,3.45767,-1.35227,-0.998272,3.45767,-0.722085,-1.51886,3.45767,-0.420693,-2.05771,3.45767,0.06336,-2.26777,3.45767,0.958403,-1.93898,3.45767,1.1776,-1.71979,3.45767,1.67078,-1.61019,3.45767,1.74385,-0.970873,3.45767,2.21877,-0.523351,3.45767,3.13208,0.088566,3.45767,3.38781,0.654817,3.45767,3.99059,1.00187,3.45767,4.05452,1.16627,3.45767,4.28285,1.69599,3.45767,4.41071,1.80559,3.45767,4.51117,1.91518,3.45767,4.67557,1.99738,3.45767,4.7669,2.04305,3.45767],
    "name": "Plane.006Geometry.1",
    "faces": [33,0,30,31,1,0,0,1,0,33,1,31,32,2,0,1,0,0,33,2,32,33,3,0,0,0,0,33,3,33,34,4,0,0,1,0,33,4,34,35,5,0,1,0,1,33,5,35,36,6,1,0,0,0,33,6,36,37,7,0,0,0,1,33,7,37,38,8,1,0,0,0,33,8,38,39,9,0,0,0,0,33,9,39,40,10,0,0,1,0,33,10,40,41,11,0,1,0,1,33,11,41,42,12,1,0,0,0,33,12,42,43,13,0,0,1,0,33,13,43,44,14,0,1,0,1,33,14,44,45,15,1,0,0,1,33,15,45,46,16,1,0,0,1,33,16,46,47,17,1,0,0,0,33,17,47,48,18,0,0,0,0,33,18,48,49,19,0,0,1,1,33,19,49,50,20,1,1,0,0,33,20,50,51,21,0,0,0,0,33,21,51,52,22,0,0,0,0,33,22,52,53,23,0,0,0,0,33,23,53,54,24,0,0,1,1,33,24,54,55,25,1,1,0,0,33,25,55,56,26,0,0,1,0,33,26,56,57,27,0,1,0,0,33,27,57,58,28,0,0,0,0,33,29,28,58,59,0,0,0,1],
    "normals": [0,0,1,0,0,0.999969],
    "uvs": [],
    "metadata": {
        "vertices": 60,
        "type": "Geometry",
        "version": 3,
        "generator": "io_three",
        "normals": 2,
        "uvs": 0,
        "faces": 29
    }
}