{
    "faces": [33,0,1,4,5,0,0,0,0,33,2,3,4,1,1,0,0,0],
    "metadata": {
        "uvs": 0,
        "faces": 2,
        "version": 3,
        "normals": 2,
        "type": "Geometry",
        "generator": "io_three",
        "vertices": 6
    },
    "normals": [0,0,1,0,0,0.999969],
    "name": "Plane.002Geometry.1",
    "vertices": [-3.74801,-2.647,-1.00546,-4.16133,-2.71993,-1.00546,-4.53818,-3.26698,-1.00546,-4.01545,-3.83833,-1.00546,-3.34684,-3.76539,-1.00546,-2.73902,-3.53442,-1.00546],
    "uvs": []
}